{"m_values": [10, 20, 30, 40, 50], "r2snn_linf": [[0.6960138613860455], [0.7020280316481425], [0.71589349454943], [0.7209732804513009], [0.725018011715679]], "r2snn_l2": [[0.14096181528277496], [0.1428597612128647], [0.1438573921974403], [0.14457238160436356], [0.14526949262656927]], "r2snn_l1": [[0.19836703556537016], [0.19813547266933054], [0.2015152132846827], [0.20276271699142426], [0.20668653259945516]], "r2snn_acc_diff": [[0.08684569922811769], [0.08772966976633144], [0.08881517522197138], [0.08996751453542252], [0.09093380453729939]], "srelu_linf": [[0.8106088182291848], [0.79857894735138], [0.7833232873829205], [0.7744904337141977], [0.7595669381036729]], "srelu_l2": [[0.16298775677334174], [0.16095490094691883], [0.15937160933757383], [0.156331126292034], [0.15405931899077385]], "srelu_l1": [[0.22971207961447138], [0.22615445979643564], [0.22386966219434623], [0.2205472899521904], [0.21788476497620174]], "srelu_acc_diff": [[0.09779921084247488], [0.09683186508425104], [0.09612031950429804], [0.09550691564269907], [0.09472271305968687]]}