{"m_values": [10, 20, 30, 40, 50], "r2snn_linf": [[0.6952360765157085], [0.6961579041880412], [0.7063798786102728], [0.6921020800379036], [0.6914107947156651]], "r2snn_l2": [[0.22447014410581365], [0.22810727186735882], [0.22933696044406374], [0.22628245829826382], [0.22568551574009346]], "r2snn_l1": [[0.31574768829605115], [0.31627140127646697], [0.32393314642601606], [0.32200216455587016], [0.32011001901524766]], "r2snn_acc_diff": [[0.21876061982177622], [0.2188522524422549], [0.22037512356635272], [0.2228988846455295], [0.22437750613491517]], "srelu_linf": [[0.7776112993013485], [0.7613502308983138], [0.7564998213790192], [0.7372982385829324], [0.7247923117015768]], "srelu_l2": [[0.25174379015661064], [0.2499551328868118], [0.24569504668528627], [0.24238229832085872], [0.23716650886387655]], "srelu_l1": [[0.35848911674115963], [0.3500781322456184], [0.34693989414735704], [0.33802528145561384], [0.3332064953713295]], "srelu_acc_diff": [[0.23986910068177217], [0.23634152531561003], [0.23444162081526887], [0.2336466296074733], [0.23179494435425121]]}