{"m_values": [10, 20, 30, 40, 50], "r2snn_linf": [[0.4982388363474211], [0.5131227029386922], [0.542267445816525], [0.5541910865522756], [0.5769502203289623]], "r2snn_l2": [[0.17005695029271875], [0.1817232446188259], [0.1851028942491541], [0.19223147439115873], [0.19549546988214]], "r2snn_l1": [[0.24344405888374446], [0.25293388572157544], [0.25929265116628786], [0.26854509747391264], [0.278448859335691]], "r2snn_acc_diff": [[0.153148381457045], [0.15819355668449814], [0.16363116523120816], [0.16862135906440376], [0.173518937849836]], "srelu_linf": [[0.6711374358062004], [0.6614730291879035], [0.6544341783354941], [0.6405542712768727], [0.6303123512824391]], "srelu_l2": [[0.23185703204414612], [0.23093335636774717], [0.22556990223362824], [0.22127616199827158], [0.21687366303157463]], "srelu_l1": [[0.3258402433997661], [0.32179173001426026], [0.3169675817593375], [0.31317111361044386], [0.30824085256672495]], "srelu_acc_diff": [[0.19336916850636995], [0.19151762310471931], [0.19026879678047462], [0.18861449559776708], [0.18698161406232325]]}