{"m_values": [10, 20, 30, 40, 50], "r2snn_linf": [[0.33522207592334297], [0.344656220369959], [0.35585774243397145], [0.356047759596041], [0.3678824503477909]], "r2snn_l2": [[0.15535859783621037], [0.15559404214828348], [0.15974551695938585], [0.16379863155424043], [0.1651905961525565]], "r2snn_l1": [[0.2110413862913353], [0.21782552609847589], [0.22382429563558598], [0.2243797139414332], [0.23129928618226522]], "r2snn_acc_diff": [[0.049607071674107876], [0.050622555691510585], [0.05157587216758464], [0.052927538090437584], [0.053843196529874085]], "srelu_linf": [[0.4155222806500996], [0.41107238573013066], [0.40420400510417803], [0.39454568853694294], [0.38927168417142144]], "srelu_l2": [[0.19031820344262804], [0.18582752293418872], [0.18417464807109582], [0.1811927169049256], [0.17667817760551544]], "srelu_l1": [[0.26262553493601376], [0.25921702473264246], [0.2540121819597061], [0.2478696278115341], [0.24633001367001506]], "srelu_acc_diff": [[0.05849890527607061], [0.057920544269462915], [0.0573065246306496], [0.057157168564187455], [0.056557979548187066]]}