{"m_values": [10, 20, 30, 40, 50], "r2snn_linf": [[0.6380021595539331], [0.6440643381436751], [0.6645865193809948], [0.6877015363948401], [0.7017579419914748]], "r2snn_l2": [[0.18429033857558744], [0.19054925475294093], [0.19586450872413394], [0.19652226744355347], [0.20294372958213286]], "r2snn_l1": [[0.2637372511314563], [0.2687423383674361], [0.27384721902211134], [0.28238842140090803], [0.28732360300416904]], "r2snn_acc_diff": [[0.15991163217786078], [0.1638667625181563], [0.16762125627850033], [0.17113507270149583], [0.17524516632911186]], "srelu_linf": [[0.7986402664234384], [0.786451203703696], [0.7780752876097676], [0.7715364528391635], [0.7542670457649631]], "srelu_l2": [[0.23159136450163592], [0.23051350586523814], [0.22737096092474787], [0.2207939690467754], [0.21698847395266482]], "srelu_l1": [[0.33178285109512695], [0.32229369432403193], [0.3202338896933036], [0.31244542297042616], [0.306963913650905]], "srelu_acc_diff": [[0.19220148098300577], [0.1905427471141352], [0.1887626759893022], [0.18682868198853259], [0.18564106602660155]]}