{"m_values": [10, 20, 30, 40, 50], "r2snn_linf": [[0.5184268851763796], [0.5201063472789911], [0.5246081414715627], [0.5224114089850821], [0.5329940360831538]], "r2snn_l2": [[0.21035592316739904], [0.2159699899296565], [0.21484380864331415], [0.21191447507755426], [0.21737323355961213]], "r2snn_l1": [[0.2932642837803086], [0.3002391097414788], [0.3031410868367171], [0.3029204349151008], [0.3034189182353297]], "r2snn_acc_diff": [[0.16124596157815776], [0.16314280579776183], [0.16463042814800619], [0.16636546522782242], [0.16710638984319443]], "srelu_linf": [[0.6108168675052694], [0.6029886667171919], [0.5972565776711973], [0.5838965985066209], [0.5781891204580206]], "srelu_l2": [[0.2504903809624803], [0.24841681348223496], [0.24457410049938144], [0.2374749172978675], [0.23575053094602766]], "srelu_l1": [[0.35298680607982075], [0.3483996989504976], [0.34361400556761773], [0.3364374577096071], [0.33314729935760945]], "srelu_acc_diff": [[0.1849150935529332], [0.18371937589838044], [0.18211330547345816], [0.1808320274215461], [0.17853246778119064]]}