{
  "ECOer": {
    "l1_mean": 1.1615,
    "l1_std": 14.816223023210158,
    "l2_mean": 0.384,
    "l2_std": 2.6440235586238576,
    "sparsity_mean": 53.345454545454544,
    "sparsity_std": 18.151101325783046,
    "dp": 0.5636363636363636,
    "im_mean": 208.13044565077305,
    "im_std": 0.0,
    "runtime_mean": 0.10059580727168148,
    "runtime_std": 0.2599832926788461,
    "validity_rate": 0.88,
    "n_valid": 55
  },
  "DiCE": {
    "l1_mean": 1.0656753986289627,
    "l1_std": 0.5884944510694418,
    "l2_mean": 0.173382284609895,
    "l2_std": 0.09347273029194497,
    "sparsity_mean": 56.578947368421055,
    "sparsity_std": 5.706098210397679,
    "dp": 0.6842105263157895,
    "im_mean": 22.055510742362678,
    "im_std": 0.0,
    "runtime_mean": 0.20984928947367926,
    "runtime_std": 0.019796254096814236,
    "validity_rate": 0.19,
    "n_valid": 19
  },
  "FACE": {
    "l1_mean": 4.194557259822714,
    "l1_std": 3.8684986063875004,
    "l2_mean": 2.1548862601148673,
    "l2_std": 1.6139542490991352,
    "sparsity_mean": 5.103448275862069,
    "sparsity_std": 2.1065550826622434,
    "dp": 0.7241379310344828,
    "im_mean": 6.135306518700923,
    "im_std": 0.0,
    "runtime_mean": 0.002904986207481827,
    "runtime_std": 0.0010637981826398112,
    "validity_rate": 0.29,
    "n_valid": 29
  },
  "GrowingSpheres": {
    "l1_mean": 1.9237590332825978,
    "l1_std": 1.7894393513914135,
    "l2_mean": 0.31952187332969445,
    "l2_std": 0.2879650960660593,
    "sparsity_mean": 53.76923076923077,
    "sparsity_std": 6.232510044882886,
    "dp": 0.46153846153846156,
    "im_mean": 35.343793911437395,
    "im_std": 0.0,
    "runtime_mean": 0.09003495897400754,
    "runtime_std": 0.07673022934144583,
    "validity_rate": 0.39,
    "n_valid": 39
  },
  "Revise": {
    "l1_mean": 6.789415165356227,
    "l1_std": 3.8868674187250916,
    "l2_mean": 1.946803789479392,
    "l2_std": 0.9899098339636984,
    "sparsity_mean": 60.74285714285714,
    "sparsity_std": 7.338130774611892,
    "dp": 0.37142857142857144,
    "im_mean": 40.288772999938296,
    "im_std": 0.0,
    "runtime_mean": 0.06662209428530852,
    "runtime_std": 0.06770152323268046,
    "validity_rate": 0.35,
    "n_valid": 35
  },
  "WACH": {
    "l1_mean": 2.4875611066818237,
    "l1_std": 0.9482876235788421,
    "l2_mean": 0.40610691969809326,
    "l2_std": 0.1784475015602981,
    "sparsity_mean": 55.52173913043478,
    "sparsity_std": 5.02921521423348,
    "dp": 0.6086956521739131,
    "im_mean": 38.1012295720816,
    "im_std": 0.0,
    "runtime_mean": 0.05670201739374771,
    "runtime_std": 0.047152143219108746,
    "validity_rate": 0.23,
    "n_valid": 23
  },
  "DPMDCE": {
    "l1_mean": 14.112479334292205,
    "l1_std": 5.81229610055312,
    "l2_mean": 3.000247061252594,
    "l2_std": 0.9510286911720578,
    "sparsity_mean": 67.8695652173913,
    "sparsity_std": 21.646978597939707,
    "dp": 0.6521739130434783,
    "im_mean": 101.4286915352086,
    "im_std": 0.0,
    "runtime_mean": 0.019224884783793444,
    "runtime_std": 0.01881644630739282,
    "validity_rate": 0.46,
    "n_valid": 46
  }
}