{
  "ECOer": {
    "l1_mean": 0.9224,
    "l1_std": 21.29552791866658,
    "l2_mean": 0.3117,
    "l2_std": 2.3931092481412892,
    "sparsity_mean": 62.854166666666664,
    "sparsity_std": 20.80163213081021,
    "dp": 0.2916666666666667,
    "im_mean": 229.08379971713586,
    "im_std": 0.0,
    "runtime_mean": 0.013808197916963158,
    "runtime_std": 0.015217529633812446,
    "validity_rate": 0.87,
    "n_valid": 48
  },
  "DiCE": {
    "l1_mean": 0.8512845695018768,
    "l1_std": 0.5698080278524121,
    "l2_mean": 0.14347248040139676,
    "l2_std": 0.09605905325921014,
    "sparsity_mean": 56.2,
    "sparsity_std": 6.273754856543249,
    "dp": 0.8,
    "im_mean": 17.18075144146313,
    "im_std": 0.0,
    "runtime_mean": 0.15892491999838967,
    "runtime_std": 0.011203581766520723,
    "validity_rate": 0.05,
    "n_valid": 5
  },
  "FACE": {
    "l1_mean": 6.224611858526866,
    "l1_std": 5.100855486077116,
    "l2_mean": 2.7807359165615506,
    "l2_std": 1.8199779563526874,
    "sparsity_mean": 6.222222222222222,
    "sparsity_std": 2.657391276244755,
    "dp": 0.6666666666666666,
    "im_mean": 8.055267169886015,
    "im_std": 0.0,
    "runtime_mean": 0.0014044222237619881,
    "runtime_std": 0.00038143814459389724,
    "validity_rate": 0.09,
    "n_valid": 9
  },
  "GrowingSpheres": {
    "l1_mean": 4.27621713551608,
    "l1_std": 1.7933325161012381,
    "l2_mean": 0.7177410686557943,
    "l2_std": 0.29175154344253657,
    "sparsity_mean": 56.945454545454545,
    "sparsity_std": 4.981486385765823,
    "dp": 0.4,
    "im_mean": 72.57374756288178,
    "im_std": 0.0,
    "runtime_mean": 4.292153998182832,
    "runtime_std": 1.913643656398184,
    "validity_rate": 0.55,
    "n_valid": 55
  },
  "Revise": {
    "l1_mean": 6.504487832387288,
    "l1_std": 2.1168165438461712,
    "l2_mean": 1.9325843188497756,
    "l2_std": 0.8276306048222866,
    "sparsity_mean": 60.55555555555556,
    "sparsity_std": 6.112121128655585,
    "dp": 0.7777777777777778,
    "im_mean": 49.03224434448477,
    "im_std": 0.0,
    "runtime_mean": 0.07578122222427434,
    "runtime_std": 0.06771838573674763,
    "validity_rate": 0.09,
    "n_valid": 9
  },
  "WACH": {
    "l1_mean": 2.4148836037614845,
    "l1_std": 0.6133067598669495,
    "l2_mean": 0.5569220401019186,
    "l2_std": 0.15175557620182573,
    "sparsity_mean": 41.15384615384615,
    "sparsity_std": 7.253529761316857,
    "dp": 0.27472527472527475,
    "im_mean": 39.16560224382365,
    "im_std": 0.0,
    "runtime_mean": 0.11773070000152994,
    "runtime_std": 0.08426398625618209,
    "validity_rate": 0.91,
    "n_valid": 91
  },
  "DPMDCE": {
    "l1_mean": 11.012135744094849,
    "l1_std": 0.9879575169052784,
    "l2_mean": 2.670307993888855,
    "l2_std": 0.15126746260587354,
    "sparsity_mean": 55.25,
    "sparsity_std": 11.691342951089922,
    "dp": 0.25,
    "im_mean": 102.10079970324605,
    "im_std": 0.0,
    "runtime_mean": 0.0026372499960416462,
    "runtime_std": 0.00045203844083859765,
    "validity_rate": 0.04,
    "n_valid": 4
  }
}