{
  "ECOer": {
    "l1_mean": 1.3137,
    "l1_std": 10.359642293391495,
    "l2_mean": 0.4198,
    "l2_std": 1.8606866748274489,
    "sparsity_mean": 59.45454545454545,
    "sparsity_std": 17.331161126869418,
    "dp": 0.2727272727272727,
    "im_mean": 156.4293922343918,
    "im_std": 0.0,
    "runtime_mean": 0.4906677131317944,
    "runtime_std": 0.9560779330819879,
    "validity_rate": 0.99,
    "n_valid": 99
  },
  "DiCE": {
    "l1_mean": 1.1112625041493662,
    "l1_std": 0.5662695923980353,
    "l2_mean": 0.18431697516805595,
    "l2_std": 0.0921054958064043,
    "sparsity_mean": 56.148148148148145,
    "sparsity_std": 5.140281759849816,
    "dp": 0.5185185185185185,
    "im_mean": 19.36767946974671,
    "im_std": 0.0,
    "runtime_mean": 2.905418185182498,
    "runtime_std": 0.16443283736134565,
    "validity_rate": 0.27,
    "n_valid": 27
  },
  "FACE": {
    "l1_mean": 6.206271237134933,
    "l1_std": 5.416234839526394,
    "l2_mean": 2.7856576255708934,
    "l2_std": 1.8784004783374797,
    "sparsity_mean": 5.96,
    "sparsity_std": 2.894546596619236,
    "dp": 0.85,
    "im_mean": 6.88745049874499,
    "im_std": 0.0,
    "runtime_mean": 0.028600548999384044,
    "runtime_std": 0.005541808383264763,
    "validity_rate": 1.0,
    "n_valid": 100
  },
  "GrowingSpheres": {
    "l1_mean": 1.9928025349974632,
    "l1_std": 1.02533237268103,
    "l2_mean": 0.34050756368786095,
    "l2_std": 0.16904376439283578,
    "sparsity_mean": 54.75,
    "sparsity_std": 5.185315805233081,
    "dp": 0.23,
    "im_mean": 35.78637282900527,
    "im_std": 0.0,
    "runtime_mean": 0.2960595649997413,
    "runtime_std": 0.13041751068140242,
    "validity_rate": 1.0,
    "n_valid": 100
  },
  "Revise": {
    "l1_mean": 5.792064547538757,
    "l1_std": 3.177168773271294,
    "l2_mean": 1.6824967196354499,
    "l2_std": 0.8833735132199518,
    "sparsity_mean": 61.0,
    "sparsity_std": 7.671124679351382,
    "dp": 0.6923076923076923,
    "im_mean": 41.230480998788714,
    "im_std": 0.0,
    "runtime_mean": 0.5932023230791226,
    "runtime_std": 0.6474956676793622,
    "validity_rate": 0.26,
    "n_valid": 26
  },
  "WACH": {
    "l1_mean": 3.2688628362149608,
    "l1_std": 0.8588493729052459,
    "l2_mean": 0.5342774074904773,
    "l2_std": 0.1500113264768895,
    "sparsity_mean": 54.30612244897959,
    "sparsity_std": 5.280708369429752,
    "dp": 0.19387755102040816,
    "im_mean": 50.15245276046259,
    "im_std": 0.0,
    "runtime_mean": 0.4476221632645988,
    "runtime_std": 0.18003276789015776,
    "validity_rate": 0.98,
    "n_valid": 98
  },
  "DPMDCE": {
    "l1_mean": 20.91725833075387,
    "l1_std": 6.2932169730188905,
    "l2_mean": 3.910361577053459,
    "l2_std": 1.0388796017741702,
    "sparsity_mean": 76.75510204081633,
    "sparsity_std": 13.472618660120098,
    "dp": 0.2653061224489796,
    "im_mean": 186.16730065438458,
    "im_std": 0.0,
    "runtime_mean": 1.0951171377549014,
    "runtime_std": 0.6067740642259444,
    "validity_rate": 0.98,
    "n_valid": 98
  }
}