{
  "ECOer": {
    "l1_mean": 0.32,
    "l1_std": 4.110112387863776,
    "l2_mean": 0.0929,
    "l2_std": 1.2486350215686215,
    "sparsity_mean": 13.10204081632653,
    "sparsity_std": 2.830193603813831,
    "dp": 0.5510204081632653,
    "im_mean": 72.3337177169346,
    "im_std": 0.0,
    "runtime_mean": 0.007480647959283135,
    "runtime_std": 0.0093867073468924,
    "validity_rate": 0.98,
    "n_valid": 98
  },
  "DiCE": {
    "l1_mean": 0.4828838476290305,
    "l1_std": 0.31942224041550565,
    "l2_mean": 0.1769048186381244,
    "l2_std": 0.11362256741142186,
    "sparsity_mean": 11.36111111111111,
    "sparsity_std": 1.9951716408728373,
    "dp": 0.5833333333333334,
    "im_mean": 22.28168274509996,
    "im_std": 0.0,
    "runtime_mean": 0.02177436805585684,
    "runtime_std": 0.0014024906402665212,
    "validity_rate": 0.72,
    "n_valid": 72
  },
  "FACE": {
    "l1_mean": 0.2774503782391548,
    "l1_std": 0.22562709513423704,
    "l2_mean": 0.20526248402893543,
    "l2_std": 0.15536316168157455,
    "sparsity_mean": 2.2,
    "sparsity_std": 0.9797958971132713,
    "dp": 0.65,
    "im_mean": 3.4502889131250143,
    "im_std": 0.0,
    "runtime_mean": 0.0007236799989186693,
    "runtime_std": 0.00019864750602545676,
    "validity_rate": 0.2,
    "n_valid": 20
  },
  "GrowingSpheres": {
    "l1_mean": 0.38506654512299143,
    "l1_std": 0.3147939591646191,
    "l2_mean": 0.1463421032683033,
    "l2_std": 0.11180172483067578,
    "sparsity_mean": 10.75,
    "sparsity_std": 2.1900218382869867,
    "dp": 0.6304347826086957,
    "im_mean": 15.977850542470298,
    "im_std": 0.0,
    "runtime_mean": 0.0037934858696446654,
    "runtime_std": 0.002410551232000645,
    "validity_rate": 0.92,
    "n_valid": 92
  },
  "Revise": {
    "l1_mean": 1.110705719274633,
    "l1_std": 0.6324647057520026,
    "l2_mean": 0.41485267497745215,
    "l2_std": 0.19738744289570198,
    "sparsity_mean": 13.529411764705882,
    "sparsity_std": 3.0828618050248697,
    "dp": 0.5098039215686274,
    "im_mean": 18.974893674626383,
    "im_std": 0.0,
    "runtime_mean": 0.006002401962748491,
    "runtime_std": 0.005435904779626875,
    "validity_rate": 0.51,
    "n_valid": 51
  },
  "WACH": {
    "l1_mean": 0.9363989460926789,
    "l1_std": 0.6246218268234539,
    "l2_mean": 0.29501241740698997,
    "l2_std": 0.208742955625369,
    "sparsity_mean": 12.153846153846153,
    "sparsity_std": 1.7207401737514383,
    "dp": 0.6,
    "im_mean": 32.08210243236559,
    "im_std": 0.0,
    "runtime_mean": 0.02629842769372492,
    "runtime_std": 0.029445104070666844,
    "validity_rate": 0.65,
    "n_valid": 65
  },
  "DPMDCE": {
    "l1_mean": 2.247227890586311,
    "l1_std": 1.7173637398208121,
    "l2_mean": 0.7664210947061126,
    "l2_std": 0.527394125212389,
    "sparsity_mean": 12.625,
    "sparsity_std": 2.672726306431489,
    "dp": 0.5113636363636364,
    "im_mean": 42.88498461459781,
    "im_std": 0.0,
    "runtime_mean": 0.004706777272572667,
    "runtime_std": 0.006893201574802175,
    "validity_rate": 0.88,
    "n_valid": 88
  }
}