{
  "ECOer": {
    "l1_mean": 0.3574,
    "l1_std": 3.914718516038844,
    "l2_mean": 0.1,
    "l2_std": 1.1415319069517949,
    "sparsity_mean": 12.315068493150685,
    "sparsity_std": 2.4543878087736326,
    "dp": 0.4657534246575342,
    "im_mean": 50.52842720089217,
    "im_std": 0.0,
    "runtime_mean": 0.237780212328613,
    "runtime_std": 0.3924629092474403,
    "validity_rate": 0.95,
    "n_valid": 73
  },
  "DiCE": {
    "l1_mean": 0.3421218933293685,
    "l1_std": 0.2502813851901108,
    "l2_mean": 0.12286153799920742,
    "l2_std": 0.08769518234076092,
    "sparsity_mean": 11.333333333333334,
    "sparsity_std": 2.1948713669507645,
    "dp": 0.5476190476190477,
    "im_mean": 15.680362517006156,
    "im_std": 0.0,
    "runtime_mean": 1.466158057142907,
    "runtime_std": 0.11428392535414536,
    "validity_rate": 0.84,
    "n_valid": 84
  },
  "FACE": {
    "l1_mean": 0.3248842738387061,
    "l1_std": 0.7341860637274296,
    "l2_mean": 0.2233545493970557,
    "l2_std": 0.4482985571582786,
    "sparsity_mean": 2.097560975609756,
    "sparsity_std": 0.8498171409846021,
    "dp": 0.5,
    "im_mean": 3.4277928558752784,
    "im_std": 0.0,
    "runtime_mean": 0.02877378780497721,
    "runtime_std": 0.00591645197454152,
    "validity_rate": 0.82,
    "n_valid": 82
  },
  "GrowingSpheres": {
    "l1_mean": 0.30188764379632593,
    "l1_std": 0.35533873655456993,
    "l2_mean": 0.11111517989010823,
    "l2_std": 0.12541936430473022,
    "sparsity_mean": 10.818181818181818,
    "sparsity_std": 1.9299010094655344,
    "dp": 0.5656565656565656,
    "im_mean": 12.096324143306147,
    "im_std": 0.0,
    "runtime_mean": 0.11241041717114811,
    "runtime_std": 0.09456181999647648,
    "validity_rate": 0.99,
    "n_valid": 99
  },
  "Revise": {
    "l1_mean": 1.0870176700445322,
    "l1_std": 0.6708436086466085,
    "l2_mean": 0.40860446920761695,
    "l2_std": 0.23945053574815908,
    "sparsity_mean": 13.323076923076924,
    "sparsity_std": 3.093952872733879,
    "dp": 0.6,
    "im_mean": 18.051732488556784,
    "im_std": 0.0,
    "runtime_mean": 0.24482676923037686,
    "runtime_std": 0.24441851272082543,
    "validity_rate": 0.65,
    "n_valid": 65
  },
  "WACH": {
    "l1_mean": 0.789416797619353,
    "l1_std": 0.49261283773991155,
    "l2_mean": 0.25469057279969415,
    "l2_std": 0.17664492560498649,
    "sparsity_mean": 12.548387096774194,
    "sparsity_std": 1.920551718626585,
    "dp": 0.3870967741935484,
    "im_mean": 22.60698098545333,
    "im_std": 0.0,
    "runtime_mean": 0.3977497774195076,
    "runtime_std": 0.4173409547737925,
    "validity_rate": 0.93,
    "n_valid": 93
  },
  "DPMDCE": {
    "l1_mean": 2.8882693207782246,
    "l1_std": 2.3364070955630023,
    "l2_mean": 1.009154561745084,
    "l2_std": 0.7998637397849061,
    "sparsity_mean": 12.934782608695652,
    "sparsity_std": 1.9934912995638263,
    "dp": 0.5434782608695652,
    "im_mean": 64.81694559388983,
    "im_std": 0.0,
    "runtime_mean": 0.4260113956515852,
    "runtime_std": 0.44375652239194846,
    "validity_rate": 0.92,
    "n_valid": 92
  }
}