{
  "ECOer": {
    "l1_mean": 1.4713,
    "l1_std": 4.162827908671024,
    "l2_mean": 0.435,
    "l2_std": 1.054814546005733,
    "sparsity_mean": 13.659340659340659,
    "sparsity_std": 2.4727960782059597,
    "dp": 0.7362637362637363,
    "im_mean": 289.1268496595159,
    "im_std": 0.0,
    "runtime_mean": 0.010830796702865993,
    "runtime_std": 0.007252208228517787,
    "validity_rate": 0.91,
    "n_valid": 91
  },
  "DiCE": {
    "l1_mean": NaN,
    "l1_std": NaN,
    "l2_mean": NaN,
    "l2_std": NaN,
    "sparsity_mean": NaN,
    "sparsity_std": NaN,
    "dp": NaN,
    "im_mean": NaN,
    "im_std": NaN,
    "runtime_mean": NaN,
    "runtime_std": NaN,
    "validity_rate": 0.0,
    "n_valid": 0
  },
  "FACE": {
    "l1_mean": NaN,
    "l1_std": NaN,
    "l2_mean": NaN,
    "l2_std": NaN,
    "sparsity_mean": NaN,
    "sparsity_std": NaN,
    "dp": NaN,
    "im_mean": NaN,
    "im_std": NaN,
    "runtime_mean": NaN,
    "runtime_std": NaN,
    "validity_rate": 0.0,
    "n_valid": 0
  },
  "GrowingSpheres": {
    "l1_mean": 1.3082804679870605,
    "l1_std": 0.22806673259195887,
    "l2_mean": 0.4910226861635844,
    "l2_std": 0.12611914088989803,
    "sparsity_mean": 13.0,
    "sparsity_std": 0.816496580927726,
    "dp": 0.6666666666666666,
    "im_mean": 64.7854236482725,
    "im_std": 0.0,
    "runtime_mean": 0.18984976666494427,
    "runtime_std": 0.0380422016390977,
    "validity_rate": 0.03,
    "n_valid": 3
  },
  "Revise": {
    "l1_mean": NaN,
    "l1_std": NaN,
    "l2_mean": NaN,
    "l2_std": NaN,
    "sparsity_mean": NaN,
    "sparsity_std": NaN,
    "dp": NaN,
    "im_mean": NaN,
    "im_std": NaN,
    "runtime_mean": NaN,
    "runtime_std": NaN,
    "validity_rate": 0.0,
    "n_valid": 0
  },
  "WACH": {
    "l1_mean": 1.3023781577746074,
    "l1_std": 0.3617596471002728,
    "l2_mean": 0.34987812240918476,
    "l2_std": 0.08230237385058647,
    "sparsity_mean": 14.0,
    "sparsity_std": 1.4142135623730951,
    "dp": 0.6666666666666666,
    "im_mean": 41.12251118866458,
    "im_std": 0.0,
    "runtime_mean": 0.01714450000145007,
    "runtime_std": 0.003957259859635905,
    "validity_rate": 0.03,
    "n_valid": 3
  },
  "DPMDCE": {
    "l1_mean": 5.652073383331299,
    "l1_std": 0.2703766625660864,
    "l2_mean": 1.9554839928944905,
    "l2_std": 0.15834714970594566,
    "sparsity_mean": 14.0,
    "sparsity_std": 0.816496580927726,
    "dp": 0.3333333333333333,
    "im_mean": 82.07802304119338,
    "im_std": 0.0,
    "runtime_mean": 0.005604499999511366,
    "runtime_std": 0.00048454153712616853,
    "validity_rate": 0.03,
    "n_valid": 3
  }
}