{
  "ECOer": {
    "l1_mean": 1.1086,
    "l1_std": 8.970131369912561,
    "l2_mean": 0.3158,
    "l2_std": 1.7752974540307573,
    "sparsity_mean": 39.828947368421055,
    "sparsity_std": 7.268149981606368,
    "dp": 0.5,
    "im_mean": 300.21509983999186,
    "im_std": 0.0,
    "runtime_mean": 0.1270283921041578,
    "runtime_std": 0.1416635982428506,
    "validity_rate": 0.91,
    "n_valid": 76
  },
  "DiCE": {
    "l1_mean": 0.9075915542515841,
    "l1_std": 0.5349863771808486,
    "l2_mean": 0.20071997798301958,
    "l2_std": 0.1179191432458267,
    "sparsity_mean": 32.18181818181818,
    "sparsity_std": 3.663534850838161,
    "dp": 0.45454545454545453,
    "im_mean": 30.441560988440514,
    "im_std": 0.0,
    "runtime_mean": 0.4027836636391426,
    "runtime_std": 0.009657479259046406,
    "validity_rate": 0.11,
    "n_valid": 11
  },
  "FACE": {
    "l1_mean": 16.946353562672932,
    "l1_std": 5.259075660541385,
    "l2_mean": 5.501931831571791,
    "l2_std": 0.9721509470043634,
    "sparsity_mean": 11.444444444444445,
    "sparsity_std": 2.848434701184772,
    "dp": 0.28888888888888886,
    "im_mean": 5.925444217935875,
    "im_std": 0.0,
    "runtime_mean": 0.007890584445299787,
    "runtime_std": 0.0008111394243272846,
    "validity_rate": 0.45,
    "n_valid": 45
  },
  "GrowingSpheres": {
    "l1_mean": 1.2879382210969925,
    "l1_std": 0.8559263286603599,
    "l2_mean": 0.27603733584284784,
    "l2_std": 0.17766366304565923,
    "sparsity_mean": 32.52,
    "sparsity_std": 3.465486978766476,
    "dp": 0.44,
    "im_mean": 36.97416215001314,
    "im_std": 0.0,
    "runtime_mean": 0.06896191599953454,
    "runtime_std": 0.03746323548005574,
    "validity_rate": 0.25,
    "n_valid": 25
  },
  "Revise": {
    "l1_mean": 24.661403932069476,
    "l1_std": 6.1028836910323605,
    "l2_mean": 4.577226958776775,
    "l2_std": 0.689636590369726,
    "sparsity_mean": 52.68421052631579,
    "sparsity_std": 6.134909870044824,
    "dp": 0.42105263157894735,
    "im_mean": 153.19497938277505,
    "im_std": 0.0,
    "runtime_mean": 0.05527858421249364,
    "runtime_std": 0.06622916420105626,
    "validity_rate": 0.38,
    "n_valid": 38
  },
  "WACH": {
    "l1_mean": 1.2634960015614827,
    "l1_std": 0.642434322782351,
    "l2_mean": 0.2605791036039591,
    "l2_std": 0.15087149443671444,
    "sparsity_mean": 32.666666666666664,
    "sparsity_std": 2.0138409955990957,
    "dp": 0.5,
    "im_mean": 34.85348025682638,
    "im_std": 0.0,
    "runtime_mean": 0.10997203333317884,
    "runtime_std": 0.09265501706742962,
    "validity_rate": 0.12,
    "n_valid": 12
  },
  "DPMDCE": {
    "l1_mean": 21.734040520407937,
    "l1_std": 5.029235161084966,
    "l2_mean": 4.398701763153076,
    "l2_std": 0.9593562408662439,
    "sparsity_mean": 42.4,
    "sparsity_std": 5.600649313005835,
    "dp": 0.4909090909090909,
    "im_mean": 226.99112090859677,
    "im_std": 0.0,
    "runtime_mean": 0.12038120000030507,
    "runtime_std": 0.15716946130853549,
    "validity_rate": 0.55,
    "n_valid": 55
  }
}