{
  "ECOer": {
    "l1_mean": 1.99,
    "l1_std": 13.51809902336517,
    "l2_mean": 0.6104,
    "l2_std": 2.405030633805099,
    "sparsity_mean": 39.609756097560975,
    "sparsity_std": 4.92815727091304,
    "dp": 0.4878048780487805,
    "im_mean": 361.7766846422673,
    "im_std": 0.0,
    "runtime_mean": 0.0033154243893677186,
    "runtime_std": 0.0020238562626762875,
    "validity_rate": 0.85,
    "n_valid": 41
  },
  "DiCE": {
    "l1_mean": NaN,
    "l1_std": NaN,
    "l2_mean": NaN,
    "l2_std": NaN,
    "sparsity_mean": NaN,
    "sparsity_std": NaN,
    "dp": NaN,
    "im_mean": NaN,
    "im_std": NaN,
    "runtime_mean": NaN,
    "runtime_std": NaN,
    "validity_rate": 0.0,
    "n_valid": 0
  },
  "FACE": {
    "l1_mean": 17.758091238828804,
    "l1_std": 5.677439913656913,
    "l2_mean": 5.6466317772865295,
    "l2_std": 1.0301882872427448,
    "sparsity_mean": 11.73076923076923,
    "sparsity_std": 2.922823875686666,
    "dp": 0.3076923076923077,
    "im_mean": 6.339161039356933,
    "im_std": 0.0,
    "runtime_mean": 0.00012015769131651793,
    "runtime_std": 3.747344864725956e-05,
    "validity_rate": 0.52,
    "n_valid": 52
  },
  "GrowingSpheres": {
    "l1_mean": 1.781286848915948,
    "l1_std": 0.5839361220638415,
    "l2_mean": 0.395128736893336,
    "l2_std": 0.12049062393260711,
    "sparsity_mean": 32.77777777777778,
    "sparsity_std": 2.3465235646603197,
    "dp": 0.4444444444444444,
    "im_mean": 56.74408033586971,
    "im_std": 0.0,
    "runtime_mean": 0.03217134444599247,
    "runtime_std": 0.009242125297697301,
    "validity_rate": 0.09,
    "n_valid": 9
  },
  "Revise": {
    "l1_mean": 26.061863682486795,
    "l1_std": 6.079106272264208,
    "l2_mean": 4.74846596067602,
    "l2_std": 0.7353195751412133,
    "sparsity_mean": 54.36363636363637,
    "sparsity_std": 5.653200658560636,
    "dp": 0.36363636363636365,
    "im_mean": 154.94868231355562,
    "im_std": 0.0,
    "runtime_mean": 0.001233518183818722,
    "runtime_std": 0.00134494210671012,
    "validity_rate": 0.22,
    "n_valid": 22
  },
  "WACH": {
    "l1_mean": 1.7583788567119174,
    "l1_std": 0.774200069501172,
    "l2_mean": 0.32502269827657276,
    "l2_std": 0.1496784651892955,
    "sparsity_mean": 33.05555555555556,
    "sparsity_std": 3.5350973933184524,
    "dp": 0.4444444444444444,
    "im_mean": 36.261814684223204,
    "im_std": 0.0,
    "runtime_mean": 0.010101422222861502,
    "runtime_std": 0.007356234200398997,
    "validity_rate": 0.18,
    "n_valid": 18
  },
  "DPMDCE": {
    "l1_mean": 32.07211208343506,
    "l1_std": 9.700507973286417,
    "l2_mean": 6.326110444750104,
    "l2_std": 1.6560419871581082,
    "sparsity_mean": 39.77142857142857,
    "sparsity_std": 4.690937854969268,
    "dp": 0.4,
    "im_mean": 514.2550982907694,
    "im_std": 0.0,
    "runtime_mean": 0.004151251427330343,
    "runtime_std": 0.003416500838814483,
    "validity_rate": 0.35,
    "n_valid": 35
  }
}