{
  "ECOer": {
    "l1_mean": 0.7927,
    "l1_std": 10.297516996857727,
    "l2_mean": 0.2242,
    "l2_std": 1.7705527383893644,
    "sparsity_mean": 40.373333333333335,
    "sparsity_std": 5.085334032511751,
    "dp": 0.52,
    "im_mean": 255.96947869889723,
    "im_std": 0.0,
    "runtime_mean": 0.3643772493331926,
    "runtime_std": 0.3272733068261281,
    "validity_rate": 0.9,
    "n_valid": 75
  },
  "DiCE": {
    "l1_mean": 0.7135338024236262,
    "l1_std": 0.47058019041907867,
    "l2_mean": 0.1564366305974545,
    "l2_std": 0.10074479245476799,
    "sparsity_mean": 31.75,
    "sparsity_std": 4.981214711292819,
    "dp": 0.5,
    "im_mean": 25.10093859279086,
    "im_std": 0.0,
    "runtime_mean": 1.530671856248773,
    "runtime_std": 0.06388344092313583,
    "validity_rate": 0.16,
    "n_valid": 16
  },
  "FACE": {
    "l1_mean": 17.824826345443725,
    "l1_std": 6.153394854020755,
    "l2_mean": 5.643413770198822,
    "l2_std": 1.0961387389016055,
    "sparsity_mean": 11.92,
    "sparsity_std": 3.145409353327481,
    "dp": 0.24,
    "im_mean": 6.1086849413321715,
    "im_std": 0.0,
    "runtime_mean": 0.030299480000830954,
    "runtime_std": 0.0037741833524203676,
    "validity_rate": 1.0,
    "n_valid": 100
  },
  "GrowingSpheres": {
    "l1_mean": 1.0238185431808233,
    "l1_std": 0.7820195795579072,
    "l2_mean": 0.23079776094527915,
    "l2_std": 0.17116974866209783,
    "sparsity_mean": 30.71875,
    "sparsity_std": 3.954699538207675,
    "dp": 0.5,
    "im_mean": 30.03600482871962,
    "im_std": 0.0,
    "runtime_mean": 0.21098294375042315,
    "runtime_std": 0.1303155079965951,
    "validity_rate": 0.32,
    "n_valid": 32
  },
  "Revise": {
    "l1_mean": 24.825764656066895,
    "l1_std": 7.146849480643399,
    "l2_mean": 4.604637535413106,
    "l2_std": 0.8573333282631665,
    "sparsity_mean": 51.9,
    "sparsity_std": 7.475961476626268,
    "dp": 0.3,
    "im_mean": 163.12283746439843,
    "im_std": 0.0,
    "runtime_mean": 0.14223578333039769,
    "runtime_std": 0.21782088978457645,
    "validity_rate": 0.3,
    "n_valid": 30
  },
  "WACH": {
    "l1_mean": 1.7186115527153014,
    "l1_std": 0.695540059539933,
    "l2_mean": 0.36828915804624557,
    "l2_std": 0.1514951745371793,
    "sparsity_mean": 33.56,
    "sparsity_std": 2.926841300788275,
    "dp": 0.52,
    "im_mean": 38.61245811032445,
    "im_std": 0.0,
    "runtime_mean": 0.5331199520005612,
    "runtime_std": 0.38997922620075254,
    "validity_rate": 0.25,
    "n_valid": 25
  },
  "DPMDCE": {
    "l1_mean": 25.45327330924369,
    "l1_std": 8.565479150353832,
    "l2_mean": 5.033936700305423,
    "l2_std": 1.5236660419163865,
    "sparsity_mean": 41.054054054054056,
    "sparsity_std": 3.7376531583619816,
    "dp": 0.36486486486486486,
    "im_mean": 315.97024357514533,
    "im_std": 0.0,
    "runtime_mean": 0.7114683851342871,
    "runtime_std": 0.7734967765495541,
    "validity_rate": 0.74,
    "n_valid": 74
  }
}