{
  "ECOer": {
    "l1_mean": 0.968,
    "l1_std": 3.2585052310244977,
    "l2_mean": 0.2962,
    "l2_std": 1.190582265732017,
    "sparsity_mean": 10.761904761904763,
    "sparsity_std": 1.394026777933757,
    "dp": 0.5238095238095238,
    "im_mean": 4.887241586842809,
    "im_std": 0.0,
    "runtime_mean": 1.3291992595234963,
    "runtime_std": 1.1051665037000487,
    "validity_rate": 0.91,
    "n_valid": 42
  },
  "DiCE": {
    "l1_mean": NaN,
    "l1_std": NaN,
    "l2_mean": NaN,
    "l2_std": NaN,
    "sparsity_mean": NaN,
    "sparsity_std": NaN,
    "dp": NaN,
    "im_mean": NaN,
    "im_std": NaN,
    "runtime_mean": NaN,
    "runtime_std": NaN,
    "validity_rate": 0.0,
    "n_valid": 0
  },
  "FACE": {
    "l1_mean": 3.487655335664749,
    "l1_std": 1.5379724823267735,
    "l2_mean": 1.7009257281819978,
    "l2_std": 0.7207255176721756,
    "sparsity_mean": 6.283333333333333,
    "sparsity_std": 1.2259916621068658,
    "dp": 0.5833333333333334,
    "im_mean": 3.3576483556107632,
    "im_std": 0.0,
    "runtime_mean": 0.029972539998319312,
    "runtime_std": 0.004082874018660671,
    "validity_rate": 1.0,
    "n_valid": 60
  },
  "GrowingSpheres": {
    "l1_mean": 0.8690115006700638,
    "l1_std": 0.5642843184425038,
    "l2_mean": 0.3582376083659549,
    "l2_std": 0.22318025169836853,
    "sparsity_mean": 8.870967741935484,
    "sparsity_std": 1.4754318227134546,
    "dp": 0.45161290322580644,
    "im_mean": 3.859216415442448,
    "im_std": 0.0,
    "runtime_mean": 0.28429687096955136,
    "runtime_std": 0.15182185762674122,
    "validity_rate": 0.5166666666666667,
    "n_valid": 31
  },
  "Revise": {
    "l1_mean": 5.975582408905029,
    "l1_std": 1.1668507095641727,
    "l2_mean": 1.9812071084976197,
    "l2_std": 0.3500295344266327,
    "sparsity_mean": 13.0,
    "sparsity_std": 0.0,
    "dp": 0.5,
    "im_mean": 1.283133389914603,
    "im_std": 0.0,
    "runtime_mean": 0.09135338000196498,
    "runtime_std": 0.05664086581048779,
    "validity_rate": 0.16666666666666666,
    "n_valid": 10
  },
  "WACH": {
    "l1_mean": 1.0675064851529896,
    "l1_std": 0.8131141068953904,
    "l2_mean": 0.3940669565927237,
    "l2_std": 0.2855659794128544,
    "sparsity_mean": 9.4375,
    "sparsity_std": 1.1162856937182344,
    "dp": 0.4375,
    "im_mean": 3.864794458967274,
    "im_std": 0.0,
    "runtime_mean": 0.783250724998652,
    "runtime_std": 0.6282028581909583,
    "validity_rate": 0.26666666666666666,
    "n_valid": 16
  },
  "DPMDCE": {
    "l1_mean": 2.7548626591177547,
    "l1_std": 1.5837528338898545,
    "l2_mean": 1.0346181567977457,
    "l2_std": 0.5746563519154433,
    "sparsity_mean": 10.647058823529411,
    "sparsity_std": 1.678275602080836,
    "dp": 0.4117647058823529,
    "im_mean": 3.5688678569827417,
    "im_std": 0.0,
    "runtime_mean": 0.43337668823626113,
    "runtime_std": 0.34345458445824084,
    "validity_rate": 0.2833333333333333,
    "n_valid": 17
  }
}