{
  "ECOer": {
    "l1_mean": 1.1584,
    "l1_std": 3.6386627961607596,
    "l2_mean": 0.3764,
    "l2_std": 1.1913488514819923,
    "sparsity_mean": 10.113636363636363,
    "sparsity_std": 1.247104083483541,
    "dp": 0.4090909090909091,
    "im_mean": 5.760149511594469,
    "im_std": 0.0,
    "runtime_mean": 1.932205472728211,
    "runtime_std": 1.4085045621226968,
    "validity_rate": 0.93,
    "n_valid": 44
  },
  "DiCE": {
    "l1_mean": NaN,
    "l1_std": NaN,
    "l2_mean": NaN,
    "l2_std": NaN,
    "sparsity_mean": NaN,
    "sparsity_std": NaN,
    "dp": NaN,
    "im_mean": NaN,
    "im_std": NaN,
    "runtime_mean": NaN,
    "runtime_std": NaN,
    "validity_rate": 0.0,
    "n_valid": 0
  },
  "FACE": {
    "l1_mean": 4.406946145571196,
    "l1_std": 0.9796533364188096,
    "l2_mean": 2.2429561614990234,
    "l2_std": 0.4462696978726106,
    "sparsity_mean": 6.538461538461538,
    "sparsity_std": 0.6343239424027171,
    "dp": 0.7692307692307693,
    "im_mean": 3.5362013620161457,
    "im_std": 0.0,
    "runtime_mean": 0.03098733846295195,
    "runtime_std": 0.0013138733094743326,
    "validity_rate": 0.21666666666666667,
    "n_valid": 13
  },
  "GrowingSpheres": {
    "l1_mean": 1.0007480720678965,
    "l1_std": 0.4431000475663392,
    "l2_mean": 0.39738598465919495,
    "l2_std": 0.1730322942173719,
    "sparsity_mean": 10.0,
    "sparsity_std": 1.0327955589886444,
    "dp": 0.3333333333333333,
    "im_mean": 4.0595260990091955,
    "im_std": 0.0,
    "runtime_mean": 0.3000830600009067,
    "runtime_std": 0.11319765821883923,
    "validity_rate": 0.25,
    "n_valid": 15
  },
  "Revise": {
    "l1_mean": 6.831742763519287,
    "l1_std": 0.9816922820231542,
    "l2_mean": 2.244976316179548,
    "l2_std": 0.28405971348595016,
    "sparsity_mean": 13.0,
    "sparsity_std": 0.0,
    "dp": 0.7142857142857143,
    "im_mean": 1.229208448142137,
    "im_std": 0.0,
    "runtime_mean": 0.1995476428585659,
    "runtime_std": 0.3101173345888921,
    "validity_rate": 0.11666666666666667,
    "n_valid": 7
  },
  "WACH": {
    "l1_mean": 1.1158618666231632,
    "l1_std": 0.39304175417988857,
    "l2_mean": 0.4112322833389044,
    "l2_std": 0.1612033452653657,
    "sparsity_mean": 9.625,
    "sparsity_std": 0.9921567416492215,
    "dp": 0.875,
    "im_mean": 4.449471562208593,
    "im_std": 0.0,
    "runtime_mean": 0.8487880874963594,
    "runtime_std": 0.6340468230641279,
    "validity_rate": 0.13333333333333333,
    "n_valid": 8
  },
  "DPMDCE": {
    "l1_mean": 2.0104074627161026,
    "l1_std": 0.6250224911774388,
    "l2_mean": 0.8035913333296776,
    "l2_std": 0.22175100392346703,
    "sparsity_mean": 8.5,
    "sparsity_std": 1.118033988749895,
    "dp": 0.0,
    "im_mean": 3.859790591892271,
    "im_std": 0.0,
    "runtime_mean": 0.13832790000378736,
    "runtime_std": 0.13495876561226627,
    "validity_rate": 0.06666666666666667,
    "n_valid": 4
  }
}