{
  "ECOer": {
    "l1_mean": 1.3786,
    "l1_std": 4.3248320664738,
    "l2_mean": 0.3767,
    "l2_std": 1.3387729313510532,
    "sparsity_mean": 10.382352941176471,
    "sparsity_std": 1.3507014709652982,
    "dp": 0.6176470588235294,
    "im_mean": 6.607007542154132,
    "im_std": 0.0,
    "runtime_mean": 0.00643072058857583,
    "runtime_std": 0.0032414531932255315,
    "validity_rate": 0.9,
    "n_valid": 34
  },
  "DiCE": {
    "l1_mean": NaN,
    "l1_std": NaN,
    "l2_mean": NaN,
    "l2_std": NaN,
    "sparsity_mean": NaN,
    "sparsity_std": NaN,
    "dp": NaN,
    "im_mean": NaN,
    "im_std": NaN,
    "runtime_mean": NaN,
    "runtime_std": NaN,
    "validity_rate": 0.0,
    "n_valid": 0
  },
  "FACE": {
    "l1_mean": 3.0730114579200745,
    "l1_std": 0.8197599914540554,
    "l2_mean": 1.5706881284713745,
    "l2_std": 0.455599363991423,
    "sparsity_mean": 6.25,
    "sparsity_std": 0.4330127018922193,
    "dp": 0.25,
    "im_mean": 3.0859866355947103,
    "im_std": 0.0,
    "runtime_mean": 7.867500244174153e-05,
    "runtime_std": 2.091451312533065e-05,
    "validity_rate": 0.06666666666666667,
    "n_valid": 4
  },
  "GrowingSpheres": {
    "l1_mean": 1.1675654318597581,
    "l1_std": 0.6136109897097622,
    "l2_mean": 0.4389226900206672,
    "l2_std": 0.2097588646567137,
    "sparsity_mean": 10.0,
    "sparsity_std": 0.816496580927726,
    "dp": 0.3333333333333333,
    "im_mean": 4.135738075587712,
    "im_std": 0.0,
    "runtime_mean": 0.005312166671501473,
    "runtime_std": 0.0022654964621349823,
    "validity_rate": 0.15,
    "n_valid": 9
  },
  "Revise": {
    "l1_mean": 6.946227359771728,
    "l1_std": 0.7183729385620743,
    "l2_mean": 2.3128615856170653,
    "l2_std": 0.18001321468053832,
    "sparsity_mean": 13.0,
    "sparsity_std": 0.0,
    "dp": 0.4,
    "im_mean": 1.2273297267545338,
    "im_std": 0.0,
    "runtime_mean": 0.0006382000050507486,
    "runtime_std": 2.1477908095103597e-05,
    "validity_rate": 0.08333333333333333,
    "n_valid": 5
  },
  "WACH": {
    "l1_mean": 1.6216302034445107,
    "l1_std": 0.7681459085495038,
    "l2_mean": 0.56389857432805,
    "l2_std": 0.27134702896223917,
    "sparsity_mean": 10.25,
    "sparsity_std": 1.0307764064044151,
    "dp": 0.375,
    "im_mean": 3.821833261223861,
    "im_std": 0.0,
    "runtime_mean": 0.034221749994685524,
    "runtime_std": 0.021140680428030564,
    "validity_rate": 0.26666666666666666,
    "n_valid": 16
  },
  "DPMDCE": {
    "l1_mean": 2.781586170196533,
    "l1_std": 0.0,
    "l2_mean": 1.0415587425231934,
    "l2_std": 0.0,
    "sparsity_mean": 11.0,
    "sparsity_std": 0.0,
    "dp": 0.0,
    "im_mean": 5.258053318579359,
    "im_std": 0.0,
    "runtime_mean": 0.0008811000152491033,
    "runtime_std": 0.0,
    "validity_rate": 0.016666666666666666,
    "n_valid": 1
  }
}