{
  "ECOer": {
    "l1_mean": 0.8519,
    "l1_std": 5.60267604745892,
    "l2_mean": 0.2657,
    "l2_std": 1.5151140626192587,
    "sparsity_mean": 20.494505494505493,
    "sparsity_std": 1.7121006079457048,
    "dp": 0.45054945054945056,
    "im_mean": 11.014903425929798,
    "im_std": 0.0,
    "runtime_mean": 0.8074405967030204,
    "runtime_std": 1.8969570077692768,
    "validity_rate": 0.91,
    "n_valid": 91
  },
  "DiCE": {
    "l1_mean": 0.7072960815968967,
    "l1_std": 0.5208961565479877,
    "l2_mean": 0.19763498190080836,
    "l2_std": 0.14433811402442032,
    "sparsity_mean": 20.03174603174603,
    "sparsity_std": 1.4361351792085741,
    "dp": 0.5238095238095238,
    "im_mean": 7.199071601432992,
    "im_std": 0.0,
    "runtime_mean": 2.8344528126994164,
    "runtime_std": 0.2938071316650041,
    "validity_rate": 0.63,
    "n_valid": 63
  },
  "FACE": {
    "l1_mean": 2.104003744556549,
    "l1_std": 0.8139595750663411,
    "l2_mean": 0.6633039433905419,
    "l2_std": 0.23076319835655348,
    "sparsity_mean": 15.702127659574469,
    "sparsity_std": 2.8051236830699735,
    "dp": 0.5,
    "im_mean": 3.567329393697538,
    "im_std": 0.0,
    "runtime_mean": 0.030199956382777136,
    "runtime_std": 0.004320808790285379,
    "validity_rate": 0.94,
    "n_valid": 94
  },
  "GrowingSpheres": {
    "l1_mean": 1.0137246730923652,
    "l1_std": 0.9257563124814286,
    "l2_mean": 0.2819814021140337,
    "l2_std": 0.26090979413949594,
    "sparsity_mean": 19.87,
    "sparsity_std": 1.4673445403176448,
    "dp": 0.41,
    "im_mean": 7.896095279897894,
    "im_std": 0.0,
    "runtime_mean": 0.2187695629998052,
    "runtime_std": 0.1746876668614129,
    "validity_rate": 1.0,
    "n_valid": 100
  },
  "Revise": {
    "l1_mean": 1.4405676166216532,
    "l1_std": 0.7394858235219823,
    "l2_mean": 0.41099117199579877,
    "l2_std": 0.2136080297166749,
    "sparsity_mean": 21.3,
    "sparsity_std": 0.8621678104251708,
    "dp": 0.23333333333333334,
    "im_mean": 3.2091538572259632,
    "im_std": 0.0,
    "runtime_mean": 0.6243807033330085,
    "runtime_std": 0.733836989565714,
    "validity_rate": 0.3,
    "n_valid": 30
  },
  "WACH": {
    "l1_mean": 1.5603461651150714,
    "l1_std": 0.9819276096988981,
    "l2_mean": 0.3757782329603569,
    "l2_std": 0.25125622014274046,
    "sparsity_mean": 20.412371134020617,
    "sparsity_std": 1.306230725262717,
    "dp": 0.5257731958762887,
    "im_mean": 4.850430145134326,
    "im_std": 0.0,
    "runtime_mean": 0.3837535237109159,
    "runtime_std": 0.2940214777885407,
    "validity_rate": 0.97,
    "n_valid": 97
  },
  "DPMDCE": {
    "l1_mean": 3.244411167677711,
    "l1_std": 2.5621796971358055,
    "l2_mean": 0.918522651756511,
    "l2_std": 0.7922369723469094,
    "sparsity_mean": 20.623529411764707,
    "sparsity_std": 1.3631837353026817,
    "dp": 0.4823529411764706,
    "im_mean": 8.895387892048301,
    "im_std": 0.0,
    "runtime_mean": 0.48896739529411526,
    "runtime_std": 0.5010347619376498,
    "validity_rate": 0.85,
    "n_valid": 85
  }
}