{
  "ECOer": {
    "l1_mean": 0.9594,
    "l1_std": 3.2288779659829636,
    "l2_mean": 0.2695,
    "l2_std": 0.995419742404181,
    "sparsity_mean": 19.821428571428573,
    "sparsity_std": 1.1511972472347285,
    "dp": 0.48214285714285715,
    "im_mean": 13.255015822641289,
    "im_std": 0.0,
    "runtime_mean": 0.007605583927995342,
    "runtime_std": 0.004479124708164144,
    "validity_rate": 0.89,
    "n_valid": 56
  },
  "DiCE": {
    "l1_mean": 0.867073061966127,
    "l1_std": 0.4163754713944578,
    "l2_mean": 0.2439622422379832,
    "l2_std": 0.11580003744819739,
    "sparsity_mean": 20.161290322580644,
    "sparsity_std": 1.246848263876625,
    "dp": 0.3870967741935484,
    "im_mean": 7.014402800502544,
    "im_std": 0.0,
    "runtime_mean": 0.0353062193537499,
    "runtime_std": 0.0017591441249062256,
    "validity_rate": 0.31,
    "n_valid": 31
  },
  "FACE": {
    "l1_mean": 2.0682654827833176,
    "l1_std": 0.650201461795214,
    "l2_mean": 0.6512695103883743,
    "l2_std": 0.21102632551330985,
    "sparsity_mean": 15.375,
    "sparsity_std": 1.8666480653835098,
    "dp": 0.875,
    "im_mean": 3.274381003256173,
    "im_std": 0.0,
    "runtime_mean": 0.0006372749994625337,
    "runtime_std": 0.00016692619781069802,
    "validity_rate": 0.08,
    "n_valid": 8
  },
  "GrowingSpheres": {
    "l1_mean": 1.8349326602658447,
    "l1_std": 1.109582005986747,
    "l2_mean": 0.5144060757391307,
    "l2_std": 0.31856946242456813,
    "sparsity_mean": 20.193877551020407,
    "sparsity_std": 1.2260619159491668,
    "dp": 0.5102040816326531,
    "im_mean": 9.826974419562339,
    "im_std": 0.0,
    "runtime_mean": 0.5218530969387776,
    "runtime_std": 0.33125388884921814,
    "validity_rate": 0.98,
    "n_valid": 98
  },
  "Revise": {
    "l1_mean": 1.851889181521631,
    "l1_std": 0.7167454086245629,
    "l2_mean": 0.5347455701520366,
    "l2_std": 0.2235871567543425,
    "sparsity_mean": 21.483870967741936,
    "sparsity_std": 0.9459921482977537,
    "dp": 0.3548387096774194,
    "im_mean": 3.325521213835224,
    "im_std": 0.0,
    "runtime_mean": 0.02325589354844734,
    "runtime_std": 0.01763732647043402,
    "validity_rate": 0.31,
    "n_valid": 31
  },
  "WACH": {
    "l1_mean": 1.665287931401705,
    "l1_std": 0.8860790377765246,
    "l2_mean": 0.3925392802459063,
    "l2_std": 0.22251593591809746,
    "sparsity_mean": 20.587628865979383,
    "sparsity_std": 1.6974971103301255,
    "dp": 0.5154639175257731,
    "im_mean": 4.8044014097191665,
    "im_std": 0.0,
    "runtime_mean": 0.020398516494771177,
    "runtime_std": 0.015046256406442948,
    "validity_rate": 0.97,
    "n_valid": 97
  },
  "DPMDCE": {
    "l1_mean": 2.60260670336466,
    "l1_std": 1.338270363072949,
    "l2_mean": 0.6930836793922243,
    "l2_std": 0.35576410819764775,
    "sparsity_mean": 21.3015873015873,
    "sparsity_std": 0.9534385662019811,
    "dp": 0.4444444444444444,
    "im_mean": 5.830280575797046,
    "im_std": 0.0,
    "runtime_mean": 0.005455515874061911,
    "runtime_std": 0.004145322449608788,
    "validity_rate": 0.63,
    "n_valid": 63
  }
}