{
  "ECOer": {
    "l1_mean": 0.8132,
    "l1_std": 3.9365996567857713,
    "l2_mean": 0.2737,
    "l2_std": 1.107562562652846,
    "sparsity_mean": 21.02020202020202,
    "sparsity_std": 1.1007784020868912,
    "dp": 0.36363636363636365,
    "im_mean": 7.613193270746501,
    "im_std": 0.0,
    "runtime_mean": 0.008365725253672207,
    "runtime_std": 0.007019434010988617,
    "validity_rate": 0.99,
    "n_valid": 99
  },
  "DiCE": {
    "l1_mean": 0.7110079038662441,
    "l1_std": 0.4951753626532498,
    "l2_mean": 0.20024410672626938,
    "l2_std": 0.13994429689502308,
    "sparsity_mean": 20.151515151515152,
    "sparsity_std": 1.196490122569675,
    "dp": 0.45454545454545453,
    "im_mean": 6.877473829283191,
    "im_std": 0.0,
    "runtime_mean": 0.04577952575720812,
    "runtime_std": 0.0013913948930872493,
    "validity_rate": 0.66,
    "n_valid": 66
  },
  "FACE": {
    "l1_mean": 2.0788694024086,
    "l1_std": 0.6814611288490711,
    "l2_mean": 0.6683184475668015,
    "l2_std": 0.20117759494946416,
    "sparsity_mean": 15.709677419354838,
    "sparsity_std": 2.4388462156691353,
    "dp": 0.5161290322580645,
    "im_mean": 3.529170688360077,
    "im_std": 0.0,
    "runtime_mean": 0.0007351741927953797,
    "runtime_std": 7.736457503870967e-05,
    "validity_rate": 0.31,
    "n_valid": 31
  },
  "GrowingSpheres": {
    "l1_mean": 0.8242923887073994,
    "l1_std": 0.5979927158729137,
    "l2_mean": 0.2302978166937828,
    "l2_std": 0.16478166727947208,
    "sparsity_mean": 19.83,
    "sparsity_std": 1.2732242536175626,
    "dp": 0.47,
    "im_mean": 6.83028313207263,
    "im_std": 0.0,
    "runtime_mean": 0.007217295000009472,
    "runtime_std": 0.005022881965186746,
    "validity_rate": 1.0,
    "n_valid": 100
  },
  "Revise": {
    "l1_mean": 1.612077470685615,
    "l1_std": 0.5330391193651979,
    "l2_mean": 0.4638152821142165,
    "l2_std": 0.1557061750245485,
    "sparsity_mean": 21.39344262295082,
    "sparsity_std": 0.9103897296337589,
    "dp": 0.5409836065573771,
    "im_mean": 3.10432010568307,
    "im_std": 0.0,
    "runtime_mean": 0.01889321967252324,
    "runtime_std": 0.01654486386245666,
    "validity_rate": 0.61,
    "n_valid": 61
  },
  "WACH": {
    "l1_mean": 1.7555385065832356,
    "l1_std": 0.9416190985479567,
    "l2_mean": 0.44311193235475443,
    "l2_std": 0.25661338279114976,
    "sparsity_mean": 20.264367816091955,
    "sparsity_std": 1.299511580352381,
    "dp": 0.4482758620689655,
    "im_mean": 5.720018038405601,
    "im_std": 0.0,
    "runtime_mean": 0.03609589770139896,
    "runtime_std": 0.031659293503782014,
    "validity_rate": 0.87,
    "n_valid": 87
  },
  "DPMDCE": {
    "l1_mean": 3.135921017623242,
    "l1_std": 1.8615031222323477,
    "l2_mean": 0.8281381395128038,
    "l2_std": 0.4657949564554073,
    "sparsity_mean": 21.234567901234566,
    "sparsity_std": 1.0455266844316113,
    "dp": 0.43209876543209874,
    "im_mean": 5.394927741404503,
    "im_std": 0.0,
    "runtime_mean": 0.007531380246718196,
    "runtime_std": 0.0069778310629612095,
    "validity_rate": 0.81,
    "n_valid": 81
  }
}