{
  "ECOer": {
    "l1_mean": 0.645,
    "l1_std": 1.3725815459352204,
    "l2_mean": 0.1818,
    "l2_std": 0.5901071866852106,
    "sparsity_mean": 7.425287356321839,
    "sparsity_std": 0.7824539046031038,
    "dp": 0.5747126436781609,
    "im_mean": 4.178640205954764,
    "im_std": 0.0,
    "runtime_mean": 0.48868140459880927,
    "runtime_std": 0.4165134525304562,
    "validity_rate": 0.95,
    "n_valid": 87
  },
  "DiCE": {
    "l1_mean": NaN,
    "l1_std": NaN,
    "l2_mean": NaN,
    "l2_std": NaN,
    "sparsity_mean": NaN,
    "sparsity_std": NaN,
    "dp": NaN,
    "im_mean": NaN,
    "im_std": NaN,
    "runtime_mean": NaN,
    "runtime_std": NaN,
    "validity_rate": 0.0,
    "n_valid": 0
  },
  "FACE": {
    "l1_mean": 1.2923279966626848,
    "l1_std": 0.5898908528013833,
    "l2_mean": 0.6016663836581366,
    "l2_std": 0.2506994405210511,
    "sparsity_mean": 6.485714285714286,
    "sparsity_std": 1.3600720269042177,
    "dp": 0.2857142857142857,
    "im_mean": 2.8174214829812336,
    "im_std": 0.0,
    "runtime_mean": 0.030425105714571795,
    "runtime_std": 0.004437324658684879,
    "validity_rate": 0.35,
    "n_valid": 35
  },
  "GrowingSpheres": {
    "l1_mean": 0.5450927786068204,
    "l1_std": 0.4001286264954737,
    "l2_mean": 0.250014714935084,
    "l2_std": 0.182858471626668,
    "sparsity_mean": 7.268041237113402,
    "sparsity_std": 0.8557322049256549,
    "dp": 0.5154639175257731,
    "im_mean": 2.8660047947244256,
    "im_std": 0.0,
    "runtime_mean": 0.19813131546534443,
    "runtime_std": 0.12075772970533093,
    "validity_rate": 0.97,
    "n_valid": 97
  },
  "Revise": {
    "l1_mean": 1.4749344574908416,
    "l1_std": 0.5852179968023958,
    "l2_mean": 0.6723783255244294,
    "l2_std": 0.2828226260979639,
    "sparsity_mean": 7.895833333333333,
    "sparsity_std": 0.30547663122114965,
    "dp": 0.2708333333333333,
    "im_mean": 1.387664679851276,
    "im_std": 0.0,
    "runtime_mean": 0.1957291999976102,
    "runtime_std": 0.26226335841515513,
    "validity_rate": 0.48,
    "n_valid": 48
  },
  "WACH": {
    "l1_mean": 0.9308367247661847,
    "l1_std": 0.5775740562545689,
    "l2_mean": 0.3704135243184446,
    "l2_std": 0.23596418742207528,
    "sparsity_mean": 7.303370786516854,
    "sparsity_std": 0.9289899599368263,
    "dp": 0.5056179775280899,
    "im_mean": 2.842207862631792,
    "im_std": 0.0,
    "runtime_mean": 0.6668410112347527,
    "runtime_std": 0.5773266052633179,
    "validity_rate": 0.89,
    "n_valid": 89
  },
  "DPMDCE": {
    "l1_mean": 1.0404720118358022,
    "l1_std": 0.5250093481092198,
    "l2_mean": 0.4852567866503719,
    "l2_std": 0.24269908747968713,
    "sparsity_mean": 7.349206349206349,
    "sparsity_std": 0.8387203056268514,
    "dp": 0.5555555555555556,
    "im_mean": 3.328765402096623,
    "im_std": 0.0,
    "runtime_mean": 0.40768218730180894,
    "runtime_std": 0.28010568501302074,
    "validity_rate": 0.63,
    "n_valid": 63
  }
}